gene_id,gene_name,n_avail,centered_new,centered_old,centered_old_corrected,match_centered,diff_centered_new_vs_old,diff_new_vs_corrected
dd_Smed_v6_14115_0_1,dd14115,6,0.8377414,0.6801666310196653,0.8295679580993102,True,0.15757476898033462,0.008173441900689804
dd_Smed_v6_19890_0_1,dd19890,6,0.79417574,0.6892634350776968,0.8406629116349424,False,0.10491230492230319,-0.046487171634942426
dd_Smed_v6_13343_0_1,dd13343,6,0.78413856,0.6233155198241308,0.7602292724312788,False,0.16082304017586924,0.023909287568721238
dd_Smed_v6_26877_0_1,dd26877,6,0.77812505,0.673241415926276,0.8211215917496275,False,0.10488363407372403,-0.042996541749627526
dd_Smed_v6_2946_0_1,dd2946,6,0.76911783,0.6048815860298694,0.7377462511832089,False,0.1642362439701306,0.03137157881679109
dd_Smed_v6_38342_0_1,dd38342,6,0.76165855,0.6569099694880604,0.8012028776335757,False,0.10474858051193969,-0.03954432763357563
dd_Smed_v6_28804_0_1,dd28804,6,0.7419017,0.6269133963875607,0.7646174370046327,False,0.11498830361243928,-0.022715737004632697
dd_Smed_v6_14712_0_1,dd14712,6,0.73077357,0.5705170922838417,0.6958334586293141,False,0.16025647771615825,0.03494011137068587
dd_Smed_v6_22331_0_1,dd22331,6,0.72537804,0.6246762378165408,0.7618888775854163,False,0.10070180218345914,-0.0365108375854164
dd_Smed_v6_22163_0_1,dd22163,6,0.71555334,0.6328042528645667,0.7718022437214218,False,0.08274908713543339,-0.05624890372142177
dd_Smed_v6_16472_0_1,dd16472,6,,0.5464866275340637,0.6665246059665989,False,,
dd_Smed_v6_31784_0_1,dd31784,6,,0.600974591365172,0.732981069478486,False,,
dd_Smed_v6_16955_0_1,dd16955,4,,0.4251408429352817,0.6899953315004794,False,,
dd_Smed_v6_28888_0_1,dd28888,6,,0.5737271846708586,0.6997486606773998,False,,
dd_Smed_v6_18207_0_1,dd18207,6,,0.5718182453431243,0.6974204151739856,False,,
dd_Smed_v6_16007_0_1,dd16007,6,,0.5670696755998038,0.6916288030510076,False,,
dd_Smed_v6_37930_0_1,dd37930,6,,0.5964074107209442,0.7274106892973489,False,,
dd_Smed_v6_31217_0_1,dd31217,6,,0.5724582600656057,0.6982010116958797,False,,
dd_Smed_v6_30562_0_1,dd30562,6,,0.6057512749785421,0.7388069707957696,False,,
dd_Smed_v6_6626_0_1,dd6626,4,,0.3996845176739577,0.6486802099840432,False,,
dd_Smed_v6_14824_0_1,dd14824,6,,0.5587172266613831,0.6814417052208965,False,,
dd_Smed_v6_11930_0_1,dd11930,6,,0.5562776543615093,0.6784662710858699,False,,
dd_Smed_v6_29211_0_1,dd29211,6,,0.5927575637897029,0.7229591388565608,False,,
dd_Smed_v6_34144_0_1,dd34144,6,,0.5792224889571272,0.7064510305791106,False,,
dd_Smed_v6_12170_0_1,dd12170,6,,0.5029593268470507,0.6134363591962922,False,,
dd_Smed_v6_12722_0_1,dd12722,6,,0.5641983950187269,0.6881268341802276,False,,
dd_Smed_v6_35379_0_1,dd35379,6,,0.5751061742181156,0.7014305508066514,False,,
dd_Smed_v6_11150_0_1,dd11150,6,,0.5680117543512787,0.6927778131767443,False,,
dd_Smed_v6_10320_0_1,dd10320,6,,0.5375814848853884,0.6556634130371988,False,,
dd_Smed_v6_36829_0_1,dd36829,6,,0.5505375171446342,0.6714652897188859,False,,
dd_Smed_v6_12010_0_1,dd12010,6,,0.4910252934544208,0.5988809675291484,False,,
dd_Smed_v6_4048_0_1,dd4048,6,,0.4893332902346479,0.5968173090194384,False,,
dd_Smed_v6_12317_0_1,dd12317,4,,0.376677304052038,0.6113399490946055,False,,
dd_Smed_v6_20282_0_1,dd20282,6,,0.5358369670710014,0.6535357048916531,False,,
dd_Smed_v6_17324_0_1,dd17324,6,,0.5283599491216203,0.6444163299766543,False,,
dd_Smed_v6_14213_0_1,dd14213,7,,0.6478517257018552,0.6478517257018551,False,,
dd_Smed_v6_9774_0_1,Six1/2-2,6,,0.4533911097114421,0.5529802844633035,False,,
dd_Smed_v6_18125_0_1,dd18125,6,,0.533746897610755,0.6509865432960261,False,,
dd_Smed_v6_13474_0_1,dd13474,6,,0.4355525997292331,0.5312234742544719,False,,
dd_Smed_v6_9596_0_1,dd9596,6,,0.4768290702359532,0.5815664869725071,False,,
dd_Smed_v6_15253_0_1,pitx,7,,0.6003228405170623,0.6003228405170622,False,,
dd_Smed_v6_17476_0_1,dd17476,6,,0.5195970085771457,0.6337285744136867,False,,
dd_Smed_v6_7227_0_1,dd7227,6,,0.4298056360543955,0.5242141669706688,False,,
dd_Smed_v6_16646_0_1,dd16646,6,,0.4763805504519025,0.5810194480199136,False,,
dd_Smed_v6_11893_0_1,dd11893,6,,0.5054841076949379,0.616515718278478,False,,
dd_Smed_v6_33456_0_1,dd33456,6,,0.4679356369044862,0.5707195753587793,False,,
dd_Smed_v6_18422_0_1,dd18422,6,,0.4660756823715278,0.5684510743566781,False,,
dd_Smed_v6_46523_0,dd46523,6,,0.4637953559946779,0.5656698651500349,False,,
dd_Smed_v6_13704_0_1,ptf-4,6,,0.4640987290604026,0.5660398753257742,False,,
dd_Smed_v6_33575_0_1,dd33575,6,,0.4480213227322506,0.5464310022483291,False,,
dd_Smed_v6_16524_0_1,dd16524,6,,0.4601802167502314,0.5612606460785785,False,,
dd_Smed_v6_9287_0_1,dd9287,6,,0.441188452319838,0.5380972644589809,False,,
dd_Smed_v6_14753_0_1,ascl-2,6,,0.4340166261742383,0.5293501179508829,False,,
dd_Smed_v6_10911_0_1,dd10911,6,,0.4876194418601723,0.594727006979225,False,,
dd_Smed_v6_13898_0_1,nkx2-like,6,,0.4309585057970827,0.525620269173833,False,,
dd_Smed_v6_7033_0_1,dd7033,6,,0.3935630895130685,0.4800107997964586,False,,
dd_Smed_v6_16466_0_1,dd16466,6,,0.4257692431603946,0.5192911641968587,False,,
dd_Smed_v6_16124_0_1,runt-1,6,,0.4122667455804246,0.5028227888961411,False,,
dd_Smed_v6_14633_0_1,otxA,7,,0.5837221227213347,0.5837221227213346,False,,
dd_Smed_v6_37276_0_1,dd37276,6,,0.4221125012113539,0.5148312042199716,False,,
dd_Smed_v6_52497_0_1,hmx-1,6,,0.3970057759892754,0.4842096861578222,False,,
dd_Smed_v6_1399_0_1,dd1399,6,,0.3975909009511416,0.484923336163146,False,,
dd_Smed_v6_25769_0_1,dd25769,6,,0.3936290089475832,0.4800911986990149,False,,
dd_Smed_v6_48430_0_1,ovo,6,,0.4279228876697478,0.5219178653559814,False,,
dd_Smed_v6_19286_0_1,dd19286,6,,0.3904695984909649,0.4762378110705079,False,,
dd_Smed_v6_15104_0_1,ap2,6,,0.3839539579935578,0.468290984018672,False,,
dd_Smed_v6_49988_0_1,dd49988,6,,0.3806211123966502,0.4642260655260637,False,,
dd_Smed_v6_13056_0_1,tcf1,6,,0.4073657883327475,0.4968453167426006,False,,
dd_Smed_v6_15555_0_1,pou4l-1,7,,0.4804278242317966,0.4804278242317965,False,,
dd_Smed_v6_15144_0_1,lhx2/9,6,,0.3674227794774363,0.4481286658731386,False,,
dd_Smed_v6_2442_0_1,dd2442,6,,0.3666469294148939,0.4471823972342176,False,,
dd_Smed_v6_8104_0_1,soxB1-2 (not deposited),6,,0.3840831961924548,0.4684486099060324,False,,
dd_Smed_v6_10038_0_1,"Schmidtea mediterranea Zeb-1 mRNA, complete cds",6,,0.3718210147754497,0.453492991185516,False,,
dd_Smed_v6_6114_0_1,dd6114,6,,0.3706339025688526,0.4520451250239768,False,,
dd_Smed_v6_17731_0_1,sim,6,,0.3978089773066563,0.4851893138643496,False,,
dd_Smed_v6_17726_0_1,Pax6A,6,,0.367920161214333,0.4487352995023931,False,,
dd_Smed_v6_38033_0_1,dd38033,6,,0.3911421231546356,0.4770580584724957,False,,
dd_Smed_v6_9893_0_1,coe,7,,0.466317568887317,0.4663175688873169,False,,
dd_Smed_v6_18719_0_1,dd18719,6,,0.3668004717201545,0.4473696657223319,False,,
dd_Smed_v6_14362_0_1,dd14362,6,,0.3677749792944458,0.4485582277918136,False,,
dd_Smed_v6_17534_0_1,arh,6,,0.3439083797076088,0.4194492339319637,False,,
dd_Smed_v6_12617_0_1,dd12617,6,,0.3603816678394724,0.4395409458382725,False,,
dd_Smed_v6_58909_0_1,gata4/5/6-3,6,,0.3489700216957873,0.4256226858733918,False,,
dd_Smed_v6_13215_0_1,soxB,6,,0.3642935302431219,0.4443120645003215,False,,
dd_Smed_v6_17498_0_1,dd17498,6,,0.3723961444594839,0.4541944504101641,False,,
dd_Smed_v6_15473_0_1,dd15473,6,,0.3395858949629496,0.4141772980856451,False,,
dd_Smed_v6_10219_0_1,dd10219,6,,0.3356992156743161,0.4094368941107765,False,,
dd_Smed_v6_13772_0_1,PROX-1,6,,0.356868669753734,0.4352563036404865,False,,
dd_Smed_v6_20755_0_1,dd20755,6,,0.3418730078155271,0.4169667844446144,False,,
dd_Smed_v6_11935_0_1,dd11935,6,,0.3518160418192506,0.4290938457257821,False,,
dd_Smed_v6_18972_0_1,dd18972,6,,0.3496696133018485,0.4264759455801692,False,,
dd_Smed_v6_6470_0_1,tbx2/3b,6,,0.3405535661790284,0.4153575221634281,False,,
dd_Smed_v6_9460_0_2,dd9460,6,,0.3287919807632704,0.4010124573625663,False,,
dd_Smed_v6_6778_0_1,dd6778,6,,0.3331765634309305,0.4063601311896042,False,,
dd_Smed_v6_14315_0_1,dd14937,6,,0.3185630632400329,0.3885367171008053,False,,
dd_Smed_v6_8820_0_1,islet1,6,,0.3120895774553978,0.3806413042133869,False,,
dd_Smed_v6_16399_0_1,meis,6,,0.2927237099605529,0.3570216462915682,False,,
dd_Smed_v6_19757_0_1,dd19757,6,,0.3132668018854617,0.3820771107086403,False,,
dd_Smed_v6_18952_0_1,scratch,7,,0.3604666942131024,0.3604666942131024,False,,
