gene_name,v6_id,v4_id
,dd_Smed_v6_10007_0_1,dd_Smed_v4_10007_0_1
Zeb-1,dd_Smed_v6_10038_0_1,dd_Smed_v4_10038_0_1
osr,dd_Smed_v6_10039_0_1,dd_Smed_v4_10039_0_1
,dd_Smed_v6_10092_0_1,dd_Smed_v4_10092_0_1
,dd_Smed_v6_10103_0_1,dd_Smed_v4_10103_0_1
,dd_Smed_v6_10109_0_1,dd_Smed_v4_10109_0_1
,dd_Smed_v6_10152_0_1,dd_Smed_v4_10152_0_1
,dd_Smed_v6_10152_0_1,dd_Smed_v4_53721_0_1
dd10201,dd_Smed_v6_10201_0_1,dd_Smed_v4_10201_0_1
snail-like,dd_Smed_v6_10216_0_1,dd_Smed_v4_10216_0_1
dd10320,dd_Smed_v6_10320_0_1,dd_Smed_v4_10320_0_1
dd10320,dd_Smed_v6_10320_0_1,dd_Smed_v4_16598_0_1
dd1032,dd_Smed_v6_1032_0_1,dd_Smed_v4_1032_0_1
,dd_Smed_v6_103874_0_1,dd_Smed_v4_103874_0_1
,dd_Smed_v6_10427_0_1,dd_Smed_v4_10427_0_1
,dd_Smed_v6_10427_0_1,dd_Smed_v4_10427_0_2
dd10673,dd_Smed_v6_10673_0_1,dd_Smed_v4_10673_0_1
A-1,dd_Smed_v6_10718_0_1,dd_Smed_v4_10718_0_1
A-1,dd_Smed_v6_10718_0_1,dd_Smed_v4_10718_0_2
A-1,dd_Smed_v6_10718_0_1,dd_Smed_v4_10718_0_3
A-1,dd_Smed_v6_10718_0_1,dd_Smed_v4_10718_0_4
,dd_Smed_v6_10792_0_1,dd_Smed_v4_10792_0_1
fer3l-2,dd_Smed_v6_10868_0_1,dd_Smed_v4_10868_0_1
,dd_Smed_v6_10894_0_1,dd_Smed_v4_10894_0_1
fer3l-3,dd_Smed_v6_11053_0_1,dd_Smed_v4_11053_0_1
fli1-like,dd_Smed_v6_11113_0_1,dd_Smed_v4_11113_0_1
dd11118,dd_Smed_v6_11118_0_1,dd_Smed_v4_11118_0_1
dd11118,dd_Smed_v6_11118_0_1,dd_Smed_v4_11118_0_2
dd11150,dd_Smed_v6_11150_0_1,dd_Smed_v4_11150_0_1
,dd_Smed_v6_11170_0_1,dd_Smed_v4_11170_0_1
,dd_Smed_v6_11170_0_1,dd_Smed_v4_11170_0_2
nkx6-like,dd_Smed_v6_11198_0_1,dd_Smed_v4_11198_0_1
,dd_Smed_v6_11201_0_1,dd_Smed_v4_11201_0_1
,dd_Smed_v6_11337_0_1,dd_Smed_v4_11337_0_1
,dd_Smed_v6_11337_0_1,dd_Smed_v4_11337_0_2
,dd_Smed_v6_11406_0_1,dd_Smed_v4_11406_0_1
,dd_Smed_v6_11461_0_1,dd_Smed_v4_11461_0_1
,dd_Smed_v6_114_0_1,dd_Smed_v4_114_0_1
,dd_Smed_v6_11500_0_1,dd_Smed_v4_11500_0_1
lhx1-5-1,dd_Smed_v6_11521_0_1,dd_Smed_v4_11521_0_1
,dd_Smed_v6_11647_0_1,dd_Smed_v4_11647_0_1
,dd_Smed_v6_11693_0_1,dd_Smed_v4_11693_0_1
,dd_Smed_v6_11714_0_1,dd_Smed_v4_11714_0_1
,dd_Smed_v6_11840_0_1,dd_Smed_v4_11840_0_1
dd11893,dd_Smed_v6_11893_0_1,dd_Smed_v4_11893_0_1
sd1,dd_Smed_v6_11935_0_1,dd_Smed_v4_11935_0_1
sd1,dd_Smed_v6_11935_0_1,dd_Smed_v4_11935_0_2
sd1,dd_Smed_v6_11935_0_1,dd_Smed_v4_17865_0_2
sd1,dd_Smed_v6_11935_0_1,dd_Smed_v4_19473_0_3
dd11975,dd_Smed_v6_11975_0_1,dd_Smed_v4_11975_0_1
dd12010,dd_Smed_v6_12010_0_1,dd_Smed_v4_12010_0_1
,dd_Smed_v6_12068_0_1,dd_Smed_v4_12068_0_1
dd12170,dd_Smed_v6_12170_0_1,dd_Smed_v4_12170_0_1
dd12170,dd_Smed_v6_12170_0_1,dd_Smed_v4_12170_0_2
rxr,dd_Smed_v6_12210_0_1,dd_Smed_v4_12210_0_1
dd12229,dd_Smed_v6_12229_0_1,dd_Smed_v4_12229_0_1
dd12229,dd_Smed_v6_12229_0_1,dd_Smed_v4_12229_0_2
,dd_Smed_v6_12249_0_1,dd_Smed_v4_12249_0_1
,dd_Smed_v6_12264_0_1,dd_Smed_v4_12264_0_1
dd12317,dd_Smed_v6_12317_0_1,dd_Smed_v4_12317_0_1
dd12317,dd_Smed_v6_12317_0_1,dd_Smed_v4_12317_0_2
dd12317,dd_Smed_v6_12317_0_1,dd_Smed_v4_12317_0_3
response-3,dd_Smed_v6_12410_0_1,dd_Smed_v4_12410_0_1
response-3,dd_Smed_v6_12410_0_1,dd_Smed_v4_14711_0_1
response-3,dd_Smed_v6_12410_0_1,dd_Smed_v4_7731_0_1
Smed-Post-2c,dd_Smed_v6_12467_0_1,dd_Smed_v4_12467_0_1
,dd_Smed_v6_12501_0_1,dd_Smed_v4_12501_0_1
,dd_Smed_v6_12501_0_1,dd_Smed_v4_12501_0_2
,dd_Smed_v6_12501_0_1,dd_Smed_v4_5326_0_1
,dd_Smed_v6_12634_0_1,dd_Smed_v4_12634_0_1
dd12677,dd_Smed_v6_12677_0_1,dd_Smed_v4_12677_0_1
,dd_Smed_v6_12699_0_1,dd_Smed_v4_12699_0_1
,dd_Smed_v6_12699_0_1,dd_Smed_v4_12699_0_2
,dd_Smed_v6_12699_0_1,dd_Smed_v4_12699_0_3
,dd_Smed_v6_12699_0_1,dd_Smed_v4_12699_0_4
,dd_Smed_v6_12699_0_1,dd_Smed_v4_12699_0_5
e22/23,dd_Smed_v6_12722_0_1,dd_Smed_v4_12722_0_1
,dd_Smed_v6_12851_0_1,dd_Smed_v4_12851_0_1
,dd_Smed_v6_12851_0_1,dd_Smed_v4_83489_0_1
nkx6-2,dd_Smed_v6_12873_0_1,dd_Smed_v4_12873_0_1
,dd_Smed_v6_12884_0_1,dd_Smed_v4_12884_0_1
,dd_Smed_v6_13005_0_1,dd_Smed_v4_13005_0_1
,dd_Smed_v6_13009_0_1,dd_Smed_v4_13009_0_1
,dd_Smed_v6_13009_0_1,dd_Smed_v4_491_1_1
,dd_Smed_v6_13010_0_1,dd_Smed_v4_13010_0_1
,dd_Smed_v6_13010_0_1,dd_Smed_v4_13010_0_2
,dd_Smed_v6_13010_0_1,dd_Smed_v4_13010_0_3
,dd_Smed_v6_13010_0_1,dd_Smed_v4_2687_0_1
Smed-tcf7,dd_Smed_v6_13056_0_1,dd_Smed_v4_13056_0_1
soxB,dd_Smed_v6_13215_0_1,dd_Smed_v4_13215_0_1
Dmd-3,dd_Smed_v6_13283_0_1,dd_Smed_v4_13283_0_1
dd13341,dd_Smed_v6_13341_0_1,dd_Smed_v4_13341_0_1
dd13343,dd_Smed_v6_13343_0_1,dd_Smed_v4_13343_0_1
,dd_Smed_v6_13371_0_1,dd_Smed_v4_13371_0_1
,dd_Smed_v6_13462_0_1,dd_Smed_v4_13462_0_1
dd13474,dd_Smed_v6_13474_0_1,dd_Smed_v4_13474_0_1
,dd_Smed_v6_13691_0_1,dd_Smed_v4_13691_0_1
,dd_Smed_v6_13691_0_1,dd_Smed_v4_7352_0_1
ptf-4,dd_Smed_v6_13704_0_1,dd_Smed_v4_13704_0_1
,dd_Smed_v6_13753_0_1,dd_Smed_v4_13753_0_1
PROX-1,dd_Smed_v6_13772_0_1,dd_Smed_v4_13772_0_1
PROX-1,dd_Smed_v6_13772_0_1,dd_Smed_v4_13772_0_2
tlx1-like,dd_Smed_v6_13781_0_1,dd_Smed_v4_13781_0_1
,dd_Smed_v6_13843_0_1,dd_Smed_v4_13843_0_1
nkx2-like,dd_Smed_v6_13898_0_1,dd_Smed_v4_13898_0_1
,dd_Smed_v6_14067_0_1,dd_Smed_v4_14067_0_1
,dd_Smed_v6_14067_0_1,dd_Smed_v4_14067_0_2
,dd_Smed_v6_14067_0_1,dd_Smed_v4_14067_0_3
dd14115,dd_Smed_v6_14115_0_1,dd_Smed_v4_14115_0_1
dd14115,dd_Smed_v6_14115_0_1,dd_Smed_v4_14115_0_2
,dd_Smed_v6_14176_0_1,dd_Smed_v4_14176_0_1
dd14213,dd_Smed_v6_14213_0_1,dd_Smed_v4_14213_0_1
dd14213,dd_Smed_v6_14213_0_1,dd_Smed_v4_14213_0_2
,dd_Smed_v6_14362_0_1,dd_Smed_v4_11469_0_1
,dd_Smed_v6_14362_0_1,dd_Smed_v4_14362_0_1
,dd_Smed_v6_14611_0_1,dd_Smed_v4_14611_0_1
otxA,dd_Smed_v6_14633_0_1,dd_Smed_v4_14633_0_1
,dd_Smed_v6_14635_0_1,dd_Smed_v4_14635_0_1
,dd_Smed_v6_14656_0_1,dd_Smed_v4_14656_0_1
dd14712,dd_Smed_v6_14712_0_1,dd_Smed_v4_14712_0_1
ascl-2,dd_Smed_v6_14753_0_1,dd_Smed_v4_14753_0_1
dd14824,dd_Smed_v6_14824_0_1,dd_Smed_v4_14824_0_1
dd14910,dd_Smed_v6_14910_0_1,dd_Smed_v4_14910_0_1
dd14910,dd_Smed_v6_14910_0_1,dd_Smed_v4_14910_0_2
foxf-like,dd_Smed_v6_15035_0_1,dd_Smed_v4_15035_0_1
ap2,dd_Smed_v6_15104_0_1,dd_Smed_v4_15104_0_1
dd15107,dd_Smed_v6_15107_0_1,dd_Smed_v4_15107_0_1
lhx2/9-like,dd_Smed_v6_15144_0_1,dd_Smed_v4_15144_0_1
lhx2/9-like,dd_Smed_v6_15144_0_1,dd_Smed_v4_15144_0_2
six3,dd_Smed_v6_15178_0_1,dd_Smed_v4_15178_0_1
pitx,dd_Smed_v6_15253_0_1,dd_Smed_v4_15253_0_1
,dd_Smed_v6_15324_0_1,dd_Smed_v4_15324_0_1
,dd_Smed_v6_15324_0_1,dd_Smed_v4_15324_0_2
,dd_Smed_v6_15324_0_1,dd_Smed_v4_15324_0_3
,dd_Smed_v6_15324_0_1,dd_Smed_v4_27139_0_1
oculis-1/2,dd_Smed_v6_15436_0_1,dd_Smed_v4_15436_0_1
dd15471,dd_Smed_v6_15471_0_1,dd_Smed_v4_15471_0_1
dd15473,dd_Smed_v6_15473_0_1,dd_Smed_v4_15473_0_1
,dd_Smed_v6_15486_0_1,dd_Smed_v4_15486_0_1
snail-1,dd_Smed_v6_15506_0_1,dd_Smed_v4_15506_0_1
otxb-like,dd_Smed_v6_15516_0_1,dd_Smed_v4_15516_0_1
zic-2,dd_Smed_v6_15531_0_1,dd_Smed_v4_15531_0_1
zic-2,dd_Smed_v6_15531_0_1,dd_Smed_v4_15531_0_2
zic-2,dd_Smed_v6_15531_0_1,dd_Smed_v4_18551_0_1
pou4l-1,dd_Smed_v6_15555_0_1,dd_Smed_v4_15555_0_1
,dd_Smed_v6_15732_0_1,dd_Smed_v4_15732_0_1
,dd_Smed_v6_15745_0_1,dd_Smed_v4_15745_0_1
,dd_Smed_v6_15745_0_1,dd_Smed_v4_36544_0_1
dd15865,dd_Smed_v6_15865_0_1,dd_Smed_v4_15865_0_1
dd16007,dd_Smed_v6_16007_0_1,dd_Smed_v4_16007_0_1
Smed-Post-2a,dd_Smed_v6_16021_0_1,dd_Smed_v4_16021_0_1
musculin,dd_Smed_v6_16070_0_1,dd_Smed_v4_16070_0_1
,dd_Smed_v6_16222_0_1,dd_Smed_v4_16222_0_1
Smed-Lox5a,dd_Smed_v6_16227_0_1,dd_Smed_v4_16227_0_1
,dd_Smed_v6_16277_0_1,dd_Smed_v4_16277_0_1
,dd_Smed_v6_16277_0_1,dd_Smed_v4_17373_0_1
,dd_Smed_v6_16297_0_1,dd_Smed_v4_16297_0_1
dd16388,dd_Smed_v6_16388_0_1,dd_Smed_v4_16388_0_1
dd16388,dd_Smed_v6_16388_0_1,dd_Smed_v4_16388_0_2
meis,dd_Smed_v6_16399_0_1,dd_Smed_v4_15951_0_1
meis,dd_Smed_v6_16399_0_1,dd_Smed_v4_16375_0_1
meis,dd_Smed_v6_16399_0_1,dd_Smed_v4_16399_0_1
dd16466,dd_Smed_v6_16466_0_1,dd_Smed_v4_16466_0_1
dd16466,dd_Smed_v6_16466_0_1,dd_Smed_v4_16466_1_1
dd16472,dd_Smed_v6_16472_0_1,dd_Smed_v4_16472_0_1
mediterranea,dd_Smed_v6_16524_0_1,dd_Smed_v4_16524_0_1
tal,dd_Smed_v6_16646_0_1,dd_Smed_v4_16646_0_1
hnf4,dd_Smed_v6_1694_0_1,dd_Smed_v4_1694_0_1
hnf4,dd_Smed_v6_1694_0_1,dd_Smed_v4_1694_0_2
hnf4,dd_Smed_v6_1694_0_1,dd_Smed_v4_1694_0_3
hnf4,dd_Smed_v6_1694_0_1,dd_Smed_v4_1694_0_4
dd16955,dd_Smed_v6_16955_0_1,dd_Smed_v4_16955_0_1
,dd_Smed_v6_17143_0_1,dd_Smed_v4_17143_0_1
dd17324,dd_Smed_v6_17324_0_1,dd_Smed_v4_17324_0_1
hesl-2,dd_Smed_v6_17332_0_1,dd_Smed_v4_17332_0_1
,dd_Smed_v6_17352_0_1,dd_Smed_v4_17352_0_1
sp6-9,dd_Smed_v6_17385_0_1,dd_Smed_v4_17385_0_1
,dd_Smed_v6_17393_0_1,dd_Smed_v4_17393_0_1
ptf-1,dd_Smed_v6_17397_0_1,dd_Smed_v4_17397_0_1
,dd_Smed_v6_17498_0_1,dd_Smed_v4_17498_0_1
arh,dd_Smed_v6_17534_0_1,dd_Smed_v4_17534_0_1
gli-3,dd_Smed_v6_17566_0_1,dd_Smed_v4_17566_0_1
Pax6A,dd_Smed_v6_17726_0_1,dd_Smed_v4_17726_0_1
sim,dd_Smed_v6_17731_0_1,dd_Smed_v4_17731_0_1
dd17749,dd_Smed_v6_17749_0_1,dd_Smed_v4_17749_0_1
twist,dd_Smed_v6_17951_0_1,dd_Smed_v4_17951_0_1
dd18125,dd_Smed_v6_18125_0_1,dd_Smed_v4_18125_0_1
dd18147,dd_Smed_v6_18147_0_1,dd_Smed_v4_18147_0_1
dd18147,dd_Smed_v6_18147_0_1,dd_Smed_v4_18147_0_2
,dd_Smed_v6_18389_0_1,dd_Smed_v4_18389_0_1
mediterranea,dd_Smed_v6_18505_0_1,dd_Smed_v4_18505_0_1
mediterranea,dd_Smed_v6_18505_0_1,dd_Smed_v4_18505_0_2
,dd_Smed_v6_1854_0_1,dd_Smed_v4_1854_0_1
dd18719,dd_Smed_v6_18719_0_1,dd_Smed_v4_18719_0_1
scratch-like,dd_Smed_v6_18952_0_1,dd_Smed_v4_18952_0_1
,dd_Smed_v6_18963_0_1,dd_Smed_v4_18963_0_1
dd18972,dd_Smed_v6_18972_0_1,dd_Smed_v4_18972_0_1
dlx,dd_Smed_v6_19040_0_1,dd_Smed_v4_19040_0_1
smad4,dd_Smed_v6_1923_0_1,dd_Smed_v4_1923_0_1
dd19255,dd_Smed_v6_19255_0_1,dd_Smed_v4_19255_0_1
dd19286,dd_Smed_v6_19286_0_1,dd_Smed_v4_19286_0_1
,dd_Smed_v6_19326_0_1,dd_Smed_v4_19326_0_1
,dd_Smed_v6_19326_0_1,dd_Smed_v4_19326_0_2
nkx1-1,dd_Smed_v6_19327_0_1,dd_Smed_v4_19327_0_1
,dd_Smed_v6_19757_0_1,dd_Smed_v4_19757_0_1
dd19859,dd_Smed_v6_19859_0_1,dd_Smed_v4_19859_0_1
,dd_Smed_v6_19890_0_1,dd_Smed_v4_19890_0_1
dd20096,dd_Smed_v6_20096_0_1,dd_Smed_v4_20096_0_1
dd20282,dd_Smed_v6_20282_0_1,dd_Smed_v4_20282_0_1
,dd_Smed_v6_20296_0_1,dd_Smed_v4_20296_0_1
lhx3/4-like,dd_Smed_v6_20755_0_1,dd_Smed_v4_20755_0_1
,dd_Smed_v6_2092_0_1,dd_Smed_v4_2092_0_1
soxB2-2,dd_Smed_v6_20944_0_1,dd_Smed_v4_20944_0_1
soxB2-2,dd_Smed_v6_20944_0_1,dd_Smed_v4_25321_0_1
dd209,dd_Smed_v6_209_0_1,dd_Smed_v4_209_0_1
olig2,dd_Smed_v6_21323_0_1,dd_Smed_v4_21323_0_1
tlx-1,dd_Smed_v6_21347_0_1,dd_Smed_v4_21347_0_1
neuroD-1,dd_Smed_v6_21717_0_1,dd_Smed_v4_21717_0_1
arx,dd_Smed_v6_21801_0_1,dd_Smed_v4_21801_0_1
dd22163,dd_Smed_v6_22163_0_1,dd_Smed_v4_22163_0_1
dd22331,dd_Smed_v6_22331_0_1,dd_Smed_v4_22331_0_1
,dd_Smed_v6_22479_0_1,dd_Smed_v4_22479_0_1
Smed-lox5b,dd_Smed_v6_22524_0_1,dd_Smed_v4_22524_0_1
Smed-lox5b,dd_Smed_v6_22524_0_1,dd_Smed_v4_22524_0_2
ZicA,dd_Smed_v6_22585_0_1,dd_Smed_v4_22585_0_1
,dd_Smed_v6_22626_0_1,dd_Smed_v4_22626_0_1
,dd_Smed_v6_22992_0_1,dd_Smed_v4_22992_0_1
foxd,dd_Smed_v6_23249_0_1,dd_Smed_v4_23249_0_1
,dd_Smed_v6_24257_0_1,dd_Smed_v4_24257_0_1
,dd_Smed_v6_24412_0_1,dd_Smed_v4_24412_0_1
,dd_Smed_v6_24412_0_1,dd_Smed_v4_24412_0_2
,dd_Smed_v6_24412_0_1,dd_Smed_v4_24412_0_3
hoxD,dd_Smed_v6_2442_0_1,dd_Smed_v4_2442_0_1
,dd_Smed_v6_25110_0_1,dd_Smed_v4_24865_0_1
,dd_Smed_v6_25110_0_1,dd_Smed_v4_25110_0_1
,dd_Smed_v6_25197_0_1,dd_Smed_v4_25197_0_1
,dd_Smed_v6_25197_0_1,dd_Smed_v4_25197_0_2
soxB-2-like,dd_Smed_v6_25321_0_1,dd_Smed_v4_20944_0_1
soxB-2-like,dd_Smed_v6_25321_0_1,dd_Smed_v4_25321_0_1
NF-YB2,dd_Smed_v6_2532_0_1,dd_Smed_v4_2532_0_1
nk4,dd_Smed_v6_25344_0_1,dd_Smed_v4_25344_0_1
,dd_Smed_v6_25420_0_1,dd_Smed_v4_25420_0_1
,dd_Smed_v6_25570_0_1,dd_Smed_v4_25570_0_1
,dd_Smed_v6_25608_0_1,dd_Smed_v4_25608_0_1
Smed-Hox3b,dd_Smed_v6_25769_0_1,dd_Smed_v4_25769_0_1
,dd_Smed_v6_26182_0_1,dd_Smed_v4_26182_0_1
,dd_Smed_v6_26394_0_1,dd_Smed_v4_26394_0_1
,dd_Smed_v6_26394_0_1,dd_Smed_v4_26394_0_2
dd26877,dd_Smed_v6_26877_0_1,dd_Smed_v4_26877_0_1
nkx2.2,dd_Smed_v6_2716_0_1,dd_Smed_v4_2716_0_1
nkx2.2,dd_Smed_v6_2716_0_1,dd_Smed_v4_2716_0_2
nkx2.2,dd_Smed_v6_2716_0_1,dd_Smed_v4_2716_0_3
nkx2.2,dd_Smed_v6_2716_0_1,dd_Smed_v4_2716_0_4
,dd_Smed_v6_27418_0_1,dd_Smed_v4_27418_0_1
fos-1,dd_Smed_v6_2789_0_1,dd_Smed_v4_2789_0_1
,dd_Smed_v6_28005_0_1,dd_Smed_v4_21270_0_1
,dd_Smed_v6_28005_0_1,dd_Smed_v4_28005_0_1
Dmd-4,dd_Smed_v6_28216_0_1,dd_Smed_v4_28216_0_1
,dd_Smed_v6_28517_0_1,dd_Smed_v4_28517_0_1
ptf-3,dd_Smed_v6_28567_0_1,dd_Smed_v4_28567_0_1
dd28804,dd_Smed_v6_28804_0_1,dd_Smed_v4_28804_0_1
dd28804,dd_Smed_v6_28804_0_1,dd_Smed_v4_35892_0_1
,dd_Smed_v6_2884_0_1,dd_Smed_v4_2884_0_1
,dd_Smed_v6_28958_0_1,dd_Smed_v4_28958_0_1
dd29211,dd_Smed_v6_29211_0_1,dd_Smed_v4_29211_0_1
ptf-2,dd_Smed_v6_29462_0_1,dd_Smed_v4_29462_0_1
dd2946,dd_Smed_v6_2946_0_1,dd_Smed_v4_2946_0_1
receptor-1,dd_Smed_v6_3012_0_1,dd_Smed_v4_3012_0_1
,dd_Smed_v6_3040_0_1,dd_Smed_v4_3040_0_1
,dd_Smed_v6_30453_0_1,dd_Smed_v4_30453_0_1
dd30562,dd_Smed_v6_30562_0_1,dd_Smed_v4_30562_0_1
foxQ2,dd_Smed_v6_30720_0_1,dd_Smed_v4_30720_0_1
PBX,dd_Smed_v6_3098_0_1,dd_Smed_v4_3098_0_1
hlh1,dd_Smed_v6_31217_0_1,dd_Smed_v4_31217_0_1
E2F4-1,dd_Smed_v6_3130_0_1,dd_Smed_v4_3130_0_1
x,dd_Smed_v6_3140_0_1,dd_Smed_v4_3140_0_1
x,dd_Smed_v6_3140_0_1,dd_Smed_v4_3140_0_2
lbx,dd_Smed_v6_31435_0_1,dd_Smed_v4_31435_0_1
,dd_Smed_v6_31674_0_1,dd_Smed_v4_31674_0_1
,dd_Smed_v6_31674_0_1,dd_Smed_v4_43719_0_1
,dd_Smed_v6_31705_0_1,dd_Smed_v4_31705_0_1
,dd_Smed_v6_31705_0_1,dd_Smed_v4_31705_0_2
dd31784,dd_Smed_v6_31784_0_1,dd_Smed_v4_31784_0_1
,dd_Smed_v6_31950_0_1,dd_Smed_v4_31950_0_1
,dd_Smed_v6_31950_0_1,dd_Smed_v4_34144_0_1
,dd_Smed_v6_31950_0_1,dd_Smed_v4_58683_0_1
,dd_Smed_v6_32297_0_1,dd_Smed_v4_32297_0_1
,dd_Smed_v6_32297_0_1,dd_Smed_v4_44202_0_1
,dd_Smed_v6_3242_0_1,dd_Smed_v4_3242_0_1
hesl-1,dd_Smed_v6_32934_0_1,dd_Smed_v4_32934_0_1
,dd_Smed_v6_33286_0_1,dd_Smed_v4_33286_0_1
,dd_Smed_v6_33286_0_1,dd_Smed_v4_33286_0_2
dd33456,dd_Smed_v6_33456_0_1,dd_Smed_v4_33456_0_1
dd33575,dd_Smed_v6_33575_0_1,dd_Smed_v4_33575_0_1
dd33575,dd_Smed_v6_33575_0_1,dd_Smed_v4_33575_0_2
,dd_Smed_v6_3410_0_1,dd_Smed_v4_3410_0_1
dd34144,dd_Smed_v6_34144_0_1,dd_Smed_v4_31950_0_1
dd34144,dd_Smed_v6_34144_0_1,dd_Smed_v4_34144_0_1
dd34144,dd_Smed_v6_34144_0_1,dd_Smed_v4_58683_0_1
,dd_Smed_v6_34285_0_1,dd_Smed_v4_30581_0_1
,dd_Smed_v6_34285_0_1,dd_Smed_v4_34285_0_1
,dd_Smed_v6_347_0_1,dd_Smed_v4_347_0_1
dd35379,dd_Smed_v6_35379_0_1,dd_Smed_v4_35379_0_1
runt-2,dd_Smed_v6_3565_0_1,dd_Smed_v4_3565_0_1
runt-2,dd_Smed_v6_3565_0_1,dd_Smed_v4_3565_0_2
pax6b-like,dd_Smed_v6_35892_0_1,dd_Smed_v4_28804_0_1
pax6b-like,dd_Smed_v6_35892_0_1,dd_Smed_v4_35892_0_1
,dd_Smed_v6_35_0_1,dd_Smed_v4_35_0_1
,dd_Smed_v6_35_0_1,dd_Smed_v4_35_0_2
,dd_Smed_v6_35_0_1,dd_Smed_v4_35_0_3
,dd_Smed_v6_3638_0_1,dd_Smed_v4_3638_0_1
srebp,dd_Smed_v6_3641_0_1,dd_Smed_v4_3641_0_1
Dp,dd_Smed_v6_3643_0_1,dd_Smed_v4_2073_0_1
Dp,dd_Smed_v6_3643_0_1,dd_Smed_v4_3643_0_1
dd36480,dd_Smed_v6_36480_0_1,dd_Smed_v4_36480_0_1
,dd_Smed_v6_36521_0_1,dd_Smed_v4_36521_0_1
,dd_Smed_v6_36618_0_1,dd_Smed_v4_36618_0_1
,dd_Smed_v6_36618_0_1,dd_Smed_v4_68858_0_1
dd36829,dd_Smed_v6_36829_0_1,dd_Smed_v4_36829_0_1
dd37276,dd_Smed_v6_37276_0_1,dd_Smed_v4_37276_0_1
dd37276,dd_Smed_v6_37276_0_1,dd_Smed_v4_40386_0_1
dd37930,dd_Smed_v6_37930_0_1,dd_Smed_v4_37930_0_1
dd38342,dd_Smed_v6_38342_0_1,dd_Smed_v4_38342_0_1
ATFl1,dd_Smed_v6_3847_0_1,dd_Smed_v4_3847_0_1
,dd_Smed_v6_392_0_1,dd_Smed_v4_392_0_1
EGR-1,dd_Smed_v6_3935_0_1,dd_Smed_v4_13429_0_1
EGR-1,dd_Smed_v6_3935_0_1,dd_Smed_v4_13429_0_2
EGR-1,dd_Smed_v6_3935_0_1,dd_Smed_v4_17155_0_1
EGR-1,dd_Smed_v6_3935_0_1,dd_Smed_v4_17155_0_2
EGR-1,dd_Smed_v6_3935_0_1,dd_Smed_v4_17155_0_3
EGR-1,dd_Smed_v6_3935_0_1,dd_Smed_v4_3935_0_1
,dd_Smed_v6_39758_0_1,dd_Smed_v4_39758_0_1
,dd_Smed_v6_40386_0_1,dd_Smed_v4_37276_0_1
,dd_Smed_v6_40386_0_1,dd_Smed_v4_40386_0_1
mxi-2,dd_Smed_v6_4048_0_1,dd_Smed_v4_4048_0_1
gata456,dd_Smed_v6_4075_0_1,dd_Smed_v4_4075_0_1
gata456,dd_Smed_v6_4075_0_1,dd_Smed_v4_4075_0_2
dd41553,dd_Smed_v6_41553_0_1,dd_Smed_v4_14262_0_1
dd41553,dd_Smed_v6_41553_0_1,dd_Smed_v4_14262_0_2
dd41553,dd_Smed_v6_41553_0_1,dd_Smed_v4_14262_0_3
dd41553,dd_Smed_v6_41553_0_1,dd_Smed_v4_41553_0_1
xbp1,dd_Smed_v6_415_0_1,dd_Smed_v4_415_0_1
,dd_Smed_v6_4163_0_1,dd_Smed_v4_4163_0_1
,dd_Smed_v6_4263_0_1,dd_Smed_v4_4263_0_1
,dd_Smed_v6_42763_0_1,dd_Smed_v4_42763_0_1
mxi-1,dd_Smed_v6_4415_0_1,dd_Smed_v4_2950_0_1
mxi-1,dd_Smed_v6_4415_0_1,dd_Smed_v4_4415_0_1
,dd_Smed_v6_44424_0_1,dd_Smed_v4_44424_0_1
,dd_Smed_v6_44424_0_1,dd_Smed_v4_44424_0_2
,dd_Smed_v6_4500_0_1,dd_Smed_v4_4500_0_1
dd45275,dd_Smed_v6_45275_0_1,dd_Smed_v4_45275_0_1
dd4539,dd_Smed_v6_4539_0_1,dd_Smed_v4_4539_0_1
,dd_Smed_v6_46209_0_1,dd_Smed_v4_46209_0_1
gli-2,dd_Smed_v6_46372_0_1,dd_Smed_v4_25554_0_1
gli-2,dd_Smed_v6_46372_0_1,dd_Smed_v4_46372_0_1
,dd_Smed_v6_4685_0_1,dd_Smed_v4_4685_0_1
,dd_Smed_v6_4708_0_1,dd_Smed_v4_4708_0_1
,dd_Smed_v6_4708_0_1,dd_Smed_v4_7548_1_1
arrowhead,dd_Smed_v6_47123_0_1,dd_Smed_v4_47123_0_1
,dd_Smed_v6_4714_0_1,dd_Smed_v4_4714_0_1
,dd_Smed_v6_47627_0_1,dd_Smed_v4_47627_0_1
,dd_Smed_v6_47627_0_1,dd_Smed_v4_62095_0_1
,dd_Smed_v6_4795_0_1,dd_Smed_v4_4795_0_1
,dd_Smed_v6_4795_0_1,dd_Smed_v4_4795_0_2
ovo,dd_Smed_v6_48430_0_1,dd_Smed_v4_48430_0_1
ovo,dd_Smed_v6_48430_0_1,dd_Smed_v4_76069_0_1
dd48508,dd_Smed_v6_48508_0_1,dd_Smed_v4_48508_0_1
NF-YA1,dd_Smed_v6_4860_0_1,dd_Smed_v4_4860_0_1
usf,dd_Smed_v6_4871_0_1,dd_Smed_v4_4871_0_1
JUNLI-1,dd_Smed_v6_4878_0_1,dd_Smed_v4_4878_0_1
dd49794,dd_Smed_v6_49794_0_1,dd_Smed_v4_49794_0_1
,dd_Smed_v6_49879_0_1,dd_Smed_v4_49879_0_1
dd49988,dd_Smed_v6_49988_0_1,dd_Smed_v4_49988_0_1
TCF15,dd_Smed_v6_4998_1_1,dd_Smed_v4_4998_1_1
,dd_Smed_v6_50187_0_1,dd_Smed_v4_50187_0_1
foxQ2,dd_Smed_v6_50245_0_1,dd_Smed_v4_50245_0_1
foxQ2,dd_Smed_v6_50245_0_1,dd_Smed_v4_77831_0_1
,dd_Smed_v6_5058_0_1,dd_Smed_v4_5058_0_1
dd50662,dd_Smed_v6_50662_0_1,dd_Smed_v4_50662_0_1
,dd_Smed_v6_5200_0_1,dd_Smed_v4_5200_0_1
like,dd_Smed_v6_52262_0_1,dd_Smed_v4_52262_0_1
hmx-1,dd_Smed_v6_52497_0_1,dd_Smed_v4_52497_0_1
,dd_Smed_v6_5281_0_1,dd_Smed_v4_5281_0_1
,dd_Smed_v6_528_0_1,dd_Smed_v4_528_0_1
protein-1,dd_Smed_v6_52_0_1,dd_Smed_v4_52_0_1
,dd_Smed_v6_5300_1_1,dd_Smed_v4_23800_0_1
,dd_Smed_v6_5300_1_1,dd_Smed_v4_5300_1_1
,dd_Smed_v6_5317_0_1,dd_Smed_v4_5317_0_1
dd54422,dd_Smed_v6_54422_0_1,dd_Smed_v4_54422_0_1
factor,dd_Smed_v6_5469_0_1,dd_Smed_v4_5469_0_1
,dd_Smed_v6_5471_0_1,dd_Smed_v4_5471_0_1
p53,dd_Smed_v6_5563_0_1,dd_Smed_v4_5563_0_1
,dd_Smed_v6_5579_0_1,dd_Smed_v4_5579_0_1
,dd_Smed_v6_56082_0_1,dd_Smed_v4_56082_0_1
NF-YC,dd_Smed_v6_5610_0_1,dd_Smed_v4_5610_0_1
,dd_Smed_v6_5636_0_1,dd_Smed_v4_5389_0_1
,dd_Smed_v6_5636_0_1,dd_Smed_v4_5636_0_1
,dd_Smed_v6_5642_0_1,dd_Smed_v4_5642_0_1
,dd_Smed_v6_5714_0_1,dd_Smed_v4_5714_0_1
Jun,dd_Smed_v6_5749_0_1,dd_Smed_v4_5749_0_1
,dd_Smed_v6_5767_0_1,dd_Smed_v4_5767_0_1
NF-YB,dd_Smed_v6_5828_0_1,dd_Smed_v4_5828_0_1
NF-YB,dd_Smed_v6_5828_0_1,dd_Smed_v4_5828_0_2
protein-1,dd_Smed_v6_5853_0_1,dd_Smed_v4_5853_0_1
SOXP-3,dd_Smed_v6_5942_0_1,dd_Smed_v4_5942_0_1
dd5978,dd_Smed_v6_5978_0_1,dd_Smed_v4_5978_0_1
dd5978,dd_Smed_v6_5978_0_1,dd_Smed_v4_5978_0_2
dd60078,dd_Smed_v6_60078_0_1,dd_Smed_v4_60078_0_1
,dd_Smed_v6_6015_0_1,dd_Smed_v4_6015_0_1
,dd_Smed_v6_60435_0_1,dd_Smed_v4_60435_0_1
,dd_Smed_v6_6050_0_1,dd_Smed_v4_6050_0_1
Smad2/3,dd_Smed_v6_6079_0_1,dd_Smed_v4_6079_0_1
dd6114,dd_Smed_v6_6114_0_1,dd_Smed_v4_6114_0_1
dd6114,dd_Smed_v6_6114_0_1,dd_Smed_v4_6114_0_2
dd6114,dd_Smed_v6_6114_0_1,dd_Smed_v4_6114_0_3
dd6114,dd_Smed_v6_6114_0_1,dd_Smed_v4_99376_0_1
,dd_Smed_v6_61183_0_1,dd_Smed_v4_61183_0_1
,dd_Smed_v6_61183_0_1,dd_Smed_v4_69051_0_1
,dd_Smed_v6_61183_0_1,dd_Smed_v4_79822_0_1
,dd_Smed_v6_61183_0_1,dd_Smed_v4_90709_0_1
,dd_Smed_v6_61183_0_1,dd_Smed_v4_94647_0_1
,dd_Smed_v6_6220_0_1,dd_Smed_v4_6220_0_1
Smed-Hox1,dd_Smed_v6_62255_0_1,dd_Smed_v4_62255_0_1
Smed-Hox1,dd_Smed_v6_62255_0_1,dd_Smed_v4_81305_0_1
Smed-Albino,dd_Smed_v6_6316_0_1,dd_Smed_v4_6316_0_1
,dd_Smed_v6_63359_0_1,dd_Smed_v4_36653_0_1
,dd_Smed_v6_63359_0_1,dd_Smed_v4_63359_0_1
,dd_Smed_v6_63359_0_1,dd_Smed_v4_63359_0_2
dd63520,dd_Smed_v6_63520_0_1,dd_Smed_v4_63520_0_1
,dd_Smed_v6_6374_0_1,dd_Smed_v4_6374_0_1
,dd_Smed_v6_64051_0_1,dd_Smed_v4_64051_0_1
,dd_Smed_v6_64051_0_1,dd_Smed_v4_65674_0_1
dd6481,dd_Smed_v6_6481_0_1,dd_Smed_v4_6481_0_1
dd6481,dd_Smed_v6_6481_0_1,dd_Smed_v4_6481_0_2
dd6481,dd_Smed_v6_6481_0_1,dd_Smed_v4_6481_0_3
,dd_Smed_v6_6496_0_1,dd_Smed_v4_6496_0_1
dd6536,dd_Smed_v6_6536_0_1,dd_Smed_v4_6536_0_1
,dd_Smed_v6_65503_0_1,dd_Smed_v4_65503_0_1
,dd_Smed_v6_6623_0_1,dd_Smed_v4_6623_0_1
dd6626,dd_Smed_v6_6626_0_1,dd_Smed_v4_6626_0_1
,dd_Smed_v6_6636_0_1,dd_Smed_v4_6636_0_1
,dd_Smed_v6_6684_0_1,dd_Smed_v4_6684_0_1
,dd_Smed_v6_6729_0_1,dd_Smed_v4_6729_0_1
,dd_Smed_v6_6764_0_1,dd_Smed_v4_6764_0_1
,dd_Smed_v6_6842_0_1,dd_Smed_v4_6842_0_1
,dd_Smed_v6_6842_0_1,dd_Smed_v4_6842_0_2
,dd_Smed_v6_6842_0_1,dd_Smed_v4_9524_0_1
,dd_Smed_v6_68571_0_1,dd_Smed_v4_68571_0_1
dd6869,dd_Smed_v6_6869_0_1,dd_Smed_v4_6869_0_1
Smad1,dd_Smed_v6_6877_0_1,dd_Smed_v4_6877_0_1
,dd_Smed_v6_6889_0_1,dd_Smed_v4_6889_0_1
foxF-1,dd_Smed_v6_6910_0_1,dd_Smed_v4_6910_0_1
dd7033,dd_Smed_v6_7033_0_1,dd_Smed_v4_7033_0_1
,dd_Smed_v6_7038_0_1,dd_Smed_v4_5474_0_1
,dd_Smed_v6_7038_0_1,dd_Smed_v4_7038_0_1
dd7040,dd_Smed_v6_7040_0_1,dd_Smed_v4_7040_0_1
dd7091,dd_Smed_v6_7091_0_1,dd_Smed_v4_7091_0_1
soxP-4,dd_Smed_v6_7227_0_1,dd_Smed_v4_7227_0_1
soxP-4,dd_Smed_v6_7227_0_1,dd_Smed_v4_7227_0_2
,dd_Smed_v6_7247_0_1,dd_Smed_v4_7247_0_1
,dd_Smed_v6_72647_0_1,dd_Smed_v4_72647_0_1
mitfl-2,dd_Smed_v6_7316_0_1,dd_Smed_v4_7316_0_1
dd7324,dd_Smed_v6_7324_0_1,dd_Smed_v4_7324_0_1
dd73714,dd_Smed_v6_73714_0_1,dd_Smed_v4_73714_0_1
dd7442,dd_Smed_v6_7442_0_1,dd_Smed_v4_7442_0_1
dd7442,dd_Smed_v6_7442_0_1,dd_Smed_v4_7442_0_2
dd7442,dd_Smed_v6_7442_0_1,dd_Smed_v4_7442_0_3
dd7442,dd_Smed_v6_7442_0_1,dd_Smed_v4_7442_0_4
dd7442,dd_Smed_v6_7442_0_1,dd_Smed_v4_7442_0_5
dd7442,dd_Smed_v6_7442_0_1,dd_Smed_v4_7442_0_6
sd2,dd_Smed_v6_7458_0_1,dd_Smed_v4_7458_0_1
gli-1,dd_Smed_v6_7470_0_1,dd_Smed_v4_7470_0_1
glass-like,dd_Smed_v6_75162_0_1,dd_Smed_v4_10284_0_1
glass-like,dd_Smed_v6_75162_0_1,dd_Smed_v4_75162_0_1
glass-like,dd_Smed_v6_75162_0_1,dd_Smed_v4_89703_0_1
glass-like,dd_Smed_v6_75162_0_1,dd_Smed_v4_93367_0_1
mediterranea,dd_Smed_v6_75180_0_1,dd_Smed_v4_56683_0_1
mediterranea,dd_Smed_v6_75180_0_1,dd_Smed_v4_75180_0_1
,dd_Smed_v6_7535_0_1,dd_Smed_v4_7535_0_1
,dd_Smed_v6_7535_0_1,dd_Smed_v4_7535_0_2
,dd_Smed_v6_7535_0_1,dd_Smed_v4_7535_0_3
,dd_Smed_v6_7551_0_1,dd_Smed_v4_45234_0_1
,dd_Smed_v6_7551_0_1,dd_Smed_v4_7551_0_1
,dd_Smed_v6_7583_0_1,dd_Smed_v4_7583_0_1
ovo,dd_Smed_v6_76069_0_1,dd_Smed_v4_48430_0_1
ovo,dd_Smed_v6_76069_0_1,dd_Smed_v4_76069_0_1
,dd_Smed_v6_7664_0_1,dd_Smed_v4_7664_0_1
,dd_Smed_v6_7731_0_1,dd_Smed_v4_12410_0_1
,dd_Smed_v6_7731_0_1,dd_Smed_v4_7731_0_1
mitfl-3,dd_Smed_v6_7738_0_1,dd_Smed_v4_7738_0_1
mitfl-3,dd_Smed_v6_7738_0_1,dd_Smed_v4_7738_0_2
,dd_Smed_v6_7752_0_1,dd_Smed_v4_7752_0_1
foxQ2,dd_Smed_v6_77831_0_1,dd_Smed_v4_50245_0_1
foxQ2,dd_Smed_v6_77831_0_1,dd_Smed_v4_77831_0_1
Sp5,dd_Smed_v6_7824_0_1,dd_Smed_v4_7824_0_1
,dd_Smed_v6_7863_0_1,dd_Smed_v4_7863_0_1
,dd_Smed_v6_7863_0_1,dd_Smed_v4_7863_0_2
,dd_Smed_v6_7877_0_1,dd_Smed_v4_7877_0_1
,dd_Smed_v6_7877_0_1,dd_Smed_v4_7877_0_2
,dd_Smed_v6_7877_0_1,dd_Smed_v4_7877_0_3
,dd_Smed_v6_7877_0_1,dd_Smed_v4_7877_0_4
mitfl-1,dd_Smed_v6_7938_0_1,dd_Smed_v4_7938_0_1
,dd_Smed_v6_7949_0_1,dd_Smed_v4_7949_0_1
,dd_Smed_v6_7949_0_1,dd_Smed_v4_7949_0_2
,dd_Smed_v6_8018_0_1,dd_Smed_v4_16135_0_1
,dd_Smed_v6_8018_0_1,dd_Smed_v4_3479_0_2
,dd_Smed_v6_8018_0_1,dd_Smed_v4_3479_0_3
,dd_Smed_v6_8018_0_1,dd_Smed_v4_8018_0_1
fer3l-1,dd_Smed_v6_8096_0_1,dd_Smed_v4_16851_0_1
fer3l-1,dd_Smed_v6_8096_0_1,dd_Smed_v4_8096_0_1
soxB1-2,dd_Smed_v6_8104_0_1,dd_Smed_v4_8104_0_1
TCF-3,dd_Smed_v6_8152_0_1,dd_Smed_v4_8152_0_1
dd8158,dd_Smed_v6_8158_0_1,dd_Smed_v4_12528_0_1
dd8158,dd_Smed_v6_8158_0_1,dd_Smed_v4_12528_0_3
dd8158,dd_Smed_v6_8158_0_1,dd_Smed_v4_8158_0_1
,dd_Smed_v6_8179_0_1,dd_Smed_v4_8179_0_1
,dd_Smed_v6_8179_0_1,dd_Smed_v4_8179_0_2
,dd_Smed_v6_8190_0_1,dd_Smed_v4_8190_0_1
,dd_Smed_v6_8205_0_1,dd_Smed_v4_8205_0_1
,dd_Smed_v6_8205_0_1,dd_Smed_v4_8611_0_1
gata1/2/3b,dd_Smed_v6_8208_0_1,dd_Smed_v4_8208_0_1
POU2/3,dd_Smed_v6_8234_0_1,dd_Smed_v4_8234_0_1
,dd_Smed_v6_8252_0_1,dd_Smed_v4_8252_0_1
SOXP-2,dd_Smed_v6_8483_0_1,dd_Smed_v4_8483_0_1
,dd_Smed_v6_8521_0_1,dd_Smed_v4_8521_0_1
,dd_Smed_v6_8537_0_1,dd_Smed_v4_8537_0_1
,dd_Smed_v6_8537_0_1,dd_Smed_v4_8537_0_2
NF-YA2,dd_Smed_v6_8585_0_1,dd_Smed_v4_8585_0_1
,dd_Smed_v6_85977_0_1,dd_Smed_v4_85977_0_1
prep,dd_Smed_v6_8606_0_1,dd_Smed_v4_8606_0_1
,dd_Smed_v6_86969_0_1,dd_Smed_v4_86969_0_1
,dd_Smed_v6_86969_0_1,dd_Smed_v4_92855_0_1
ZFP-1,dd_Smed_v6_8720_0_1,dd_Smed_v4_8720_0_1
,dd_Smed_v6_8796_0_1,dd_Smed_v4_8796_0_1
islet1,dd_Smed_v6_8820_0_1,dd_Smed_v4_8820_0_1
protein-2,dd_Smed_v6_8871_0_1,dd_Smed_v4_8871_0_1
protein-2,dd_Smed_v6_8871_0_1,dd_Smed_v4_9486_0_1
,dd_Smed_v6_8886_0_1,dd_Smed_v4_8886_0_1
glass-like,dd_Smed_v6_89703_0_1,dd_Smed_v4_10284_0_1
glass-like,dd_Smed_v6_89703_0_1,dd_Smed_v4_75162_0_1
glass-like,dd_Smed_v6_89703_0_1,dd_Smed_v4_89703_0_1
glass-like,dd_Smed_v6_89703_0_1,dd_Smed_v4_93367_0_1
,dd_Smed_v6_89856_0_1,dd_Smed_v4_89856_0_1
soxP5,dd_Smed_v6_9050_0_1,dd_Smed_v4_9050_0_1
,dd_Smed_v6_9061_0_1,dd_Smed_v4_9061_0_1
,dd_Smed_v6_90709_0_1,dd_Smed_v4_61183_0_1
,dd_Smed_v6_90709_0_1,dd_Smed_v4_69051_0_1
,dd_Smed_v6_90709_0_1,dd_Smed_v4_79822_0_1
,dd_Smed_v6_90709_0_1,dd_Smed_v4_90709_0_1
,dd_Smed_v6_90709_0_1,dd_Smed_v4_94647_0_1
,dd_Smed_v6_9099_0_2,dd_Smed_v4_9099_0_1
,dd_Smed_v6_9099_0_2,dd_Smed_v4_9099_0_2
,dd_Smed_v6_9123_0_1,dd_Smed_v4_9123_0_1
TCF-2,dd_Smed_v6_9140_0_1,dd_Smed_v4_9140_0_1
ets1,dd_Smed_v6_9165_0_1,dd_Smed_v4_9165_0_1
ets1,dd_Smed_v6_9165_0_1,dd_Smed_v4_9185_0_1
arnt,dd_Smed_v6_9171_0_1,dd_Smed_v4_9171_0_1
dd9189,dd_Smed_v6_9189_0_1,dd_Smed_v4_9189_0_1
dd9189,dd_Smed_v6_9189_0_1,dd_Smed_v4_9189_0_2
mlxipl,dd_Smed_v6_9226_0_1,dd_Smed_v4_9226_0_1
nk4,dd_Smed_v6_9259_0_1,dd_Smed_v4_9259_0_1
response-2,dd_Smed_v6_9273_0_1,dd_Smed_v4_9273_0_1
dd9282,dd_Smed_v6_9282_0_1,dd_Smed_v4_9282_0_1
dd9282,dd_Smed_v6_9282_0_1,dd_Smed_v4_9282_0_2
dd9282,dd_Smed_v6_9282_0_1,dd_Smed_v4_9282_0_3
,dd_Smed_v6_92855_0_1,dd_Smed_v4_86969_0_1
,dd_Smed_v6_92855_0_1,dd_Smed_v4_92855_0_1
Teashirt,dd_Smed_v6_9287_0_1,dd_Smed_v4_9287_0_1
,dd_Smed_v6_93404_0_1,dd_Smed_v4_26924_0_1
,dd_Smed_v6_93404_0_1,dd_Smed_v4_26924_0_2
,dd_Smed_v6_93404_0_1,dd_Smed_v4_93404_0_1
response-4,dd_Smed_v6_9410_0_1,dd_Smed_v4_12117_0_1
response-4,dd_Smed_v6_9410_0_1,dd_Smed_v4_9410_0_1
,dd_Smed_v6_9460_0_2,dd_Smed_v4_9460_0_1
,dd_Smed_v6_9460_0_2,dd_Smed_v4_9460_0_2
like,dd_Smed_v6_94635_0_1,dd_Smed_v4_72250_0_1
like,dd_Smed_v6_94635_0_1,dd_Smed_v4_75964_0_1
like,dd_Smed_v6_94635_0_1,dd_Smed_v4_89555_0_1
like,dd_Smed_v6_94635_0_1,dd_Smed_v4_94635_0_1
,dd_Smed_v6_9536_0_1,dd_Smed_v4_9536_0_1
klf,dd_Smed_v6_95726_0_1,dd_Smed_v4_95726_0_1
dd9596,dd_Smed_v6_9596_0_1,dd_Smed_v4_9596_0_1
dd9738,dd_Smed_v6_9738_0_1,dd_Smed_v4_1563_0_1
dd9738,dd_Smed_v6_9738_0_1,dd_Smed_v4_9738_0_1
Six1/2-2,dd_Smed_v6_9774_0_1,dd_Smed_v4_9774_0_1
,dd_Smed_v6_97865_0_1,dd_Smed_v4_97865_0_1
,dd_Smed_v6_97865_0_1,dd_Smed_v4_99562_0_1
,dd_Smed_v6_98822_0_1,dd_Smed_v4_98822_0_1
coe,dd_Smed_v6_9893_0_1,dd_Smed_v4_9893_0_1
,dd_Smed_v6_9899_0_1,dd_Smed_v4_9899_0_1
neuroD-2,dd_Smed_v6_9906_0_1,dd_Smed_v4_9906_0_1
GATA456-2,dd_Smed_v6_9910_0_1,dd_Smed_v4_9910_0_1
